"1","【伝説の一品】普通のソファー","音楽堂の近くで、黒と白の法被がわたしのそばに来るなと思う間もなく、ウェッシントン夫人のいつもの歎願の声が耳のそばに聞こえた。","/images/chair/136947c07cbda8cd7effdd92b183498ace80eb658519f5e41a42443b32bdc760.png","12901","197","143","31","ベージュ","木製,中国製","座椅子","502728","7"
"2","シンプル社長のハンモック","ことに、その変化がはやいのが類人猿で、つまり、ドドがたべる生果の量を減らして、その効果をいち早くみようというのだった。","/images/chair/381e2b8ac021182c70069c5a975c209dc736bbdfed4d3d7f8d750339d1612279.png","14605","173","77","198","緑","オフィス用","座椅子","855548","3"
"3","ふわふわアウトドアソファー","『僕は今途中でへんな目にあつて來たんですがね――』と、新しい聲がおづおづ何かに氣をとられてゐるやうに言ひ出した。","/images/chair/2313e606541dffbf2d322f62951c72f46a1509388b417f1fc8b7c7dc9b96fda7.png","16390","157","197","170","赤","","ゲーミングチェア","802418","1"
"4","[残りわずか]アウトドアイス","四月三十日の午後、私はその時ほど血気と単なる動物的精力とを身内に溢るるように感じたことはかつてなかった。","/images/chair/bd3327b87b9da31a3192f88896db621332cffd375a717bac665ac68b18052500.png","19195","44","129","40","黄","","ゲーミングチェア","457074","1"
"5","こだわりの逸品パイプチェア","そのあとは、みかけは天を摩す巨木でありながら、まるで綿でもつめた蛇籠のように軽く、押せば他愛もなくぐらぐらっと揺れるのである。","/images/chair/c12b059ef27f7b9a070b1ab145d70f45cd613b7319301fdc667c0fce41bdcf52.png","12926","162","41","108","赤","ディスプレイ配置可能","ゲーミングチェア","193894","2"
"6","ふわふわアンティークな椅子","と法水は飛沫を避けながら、何気なしに云ったけれども、検事はこのバロック風の弄技物から、なんとなく薄気味悪い予感を覚えずにはいられなかった。","/images/chair/9943bbb1b38b7b9110c1fb6b7ac1cb31ea5f5bcfefb902b75e43ed8fcdf05b29.png","5304","180","45","183","ベージュ","ラテン風,アーム高さ調節可能","ハンモック","765115","7"
"7","ふわふわ普通のイス","慶一は、あの静かに泣いていた少女をとおして、二十五年の時を飛び越え、令子のなかに入ったような気がしていた。","/images/chair/6e74d628fdb15ca9fc769af6ec286e14b83835f4e31da48d2bca2f1db8ab21ea.png","18271","56","189","148","オレンジ","","ゲーミングチェア","964132","5"
"8","[期間限定]パイプ座椅子","時間と因果関係が混乱したまま、令子がまだいることを確認し、慶一は安心と不安に同時に襲われ、なにか、もっとたしかなものがほしくなった。","/images/chair/be1a39f6ae75d33a7339da4ce0a5c8c0e667f32e01f3706d01bdcbd13ed29795.png","16983","166","196","132","オレンジ","回転可能,近代的なデザイン,ベッド一体型","座椅子","208699","8"
"9","エルゴノミクスボロい椅子","いずれの国家民族も、それぞれの歴史的地盤に成立し、それぞれの世界史的使命を有するのであり、そこに各国家民族が各自の歴史的生命を有するのである。","/images/chair/a1bab5f37c2b593ff34c235ad0b4fccdd69a4c1d6c340a11f54f25054fa062ac.png","2781","142","136","98","ピンク","近代的なデザイン","座椅子","766652","6"
"10","こだわりの逸品社長のパイプイス","三人が吃驚して後を振り向くと、そこには、執事の田郷真斎がいつの間にか入り込んでいて、大風な微笑をたたえて見下している。","/images/chair/8584231f495a72e2bd942b154c9574fd17b67a438f13ec86ef8b3dd8ffe8886b.png","17978","199","177","141","緑","","ゲーミングチェア","933011","2"
